company,platform,careers_url
Anduril Industries,ashby,https://jobs.ashbyhq.com/anduril-industries
Baseten,ashby,https://jobs.ashbyhq.com/baseten
Cognition,ashby,https://jobs.ashbyhq.com/cognition
Descript,ashby,https://jobs.ashbyhq.com/descript
Groq,ashby,https://jobs.ashbyhq.com/groq
Hex,ashby,https://jobs.ashbyhq.com/hex
Linear,ashby,https://jobs.ashbyhq.com/linear
Mistral AI,ashby,https://jobs.ashbyhq.com/mistral
Modal,ashby,https://jobs.ashbyhq.com/modal-labs
Ramp,ashby,https://jobs.ashbyhq.com/ramp
SentiLink,ashby,https://jobs.ashbyhq.com/sentilink
Snowflake,ashby,https://jobs.ashbyhq.com/snowflake
Together AI,ashby,https://jobs.ashbyhq.com/togetherai
Vanta,ashby,https://jobs.ashbyhq.com/vanta
Watershed,ashby,https://jobs.ashbyhq.com/watershed
Airbnb,greenhouse,https://boards.greenhouse.io/airbnb
Airbyte,greenhouse,https://boards.greenhouse.io/airbytehq
Amplitude,greenhouse,https://boards.greenhouse.io/amplitude
Anthropic,greenhouse,https://boards.greenhouse.io/anthropic
Astronomer,greenhouse,https://boards.greenhouse.io/astronomer
Benchling,greenhouse,https://boards.greenhouse.io/benchling
Brex,greenhouse,https://boards.greenhouse.io/brex
ByteDance,greenhouse,https://boards.greenhouse.io/bytedance
Checkr,greenhouse,https://boards.greenhouse.io/checkr
Chime,greenhouse,https://boards.greenhouse.io/chime
Cloudflare,greenhouse,https://boards.greenhouse.io/cloudflare
Cockroach Labs,greenhouse,https://boards.greenhouse.io/cockroachlabs
Cohere,greenhouse,https://boards.greenhouse.io/cohere
Coinbase,greenhouse,https://boards.greenhouse.io/coinbase
Confluent,greenhouse,https://boards.greenhouse.io/confluent
Core Weave,greenhouse,https://boards.greenhouse.io/coreweave
Cruise,greenhouse,https://boards.greenhouse.io/cruise
DataRobot,greenhouse,https://boards.greenhouse.io/datarobot
Databricks,greenhouse,https://boards.greenhouse.io/databricks
Datadog,greenhouse,https://boards.greenhouse.io/datadog
DoorDash,greenhouse,https://boards.greenhouse.io/doordashusa
Duolingo,greenhouse,https://boards.greenhouse.io/duolingo
Elastic,greenhouse,https://boards.greenhouse.io/elastic
Esri,greenhouse,https://boards.greenhouse.io/esri
Figma,greenhouse,https://boards.greenhouse.io/figma
Fivetran,greenhouse,https://boards.greenhouse.io/fivetran
Gusto,greenhouse,https://boards.greenhouse.io/gusto
HashiCorp,greenhouse,https://boards.greenhouse.io/hashicorp
Hugging Face,greenhouse,https://boards.greenhouse.io/huggingface
Imply,greenhouse,https://boards.greenhouse.io/imply
Instacart,greenhouse,https://boards.greenhouse.io/instacart
Intercom,greenhouse,https://boards.greenhouse.io/intercom
Lyft,greenhouse,https://boards.greenhouse.io/lyft
MongoDB,greenhouse,https://boards.greenhouse.io/mongodb
Nerdio,greenhouse,https://boards.greenhouse.io/nerdio
Notion,greenhouse,https://boards.greenhouse.io/notion
OpenAI,greenhouse,https://boards.greenhouse.io/openai
Plaid,greenhouse,https://boards.greenhouse.io/plaid
Prefect,greenhouse,https://boards.greenhouse.io/prefect
Qualtrics,greenhouse,https://boards.greenhouse.io/qualtrics
Reddit,greenhouse,https://boards.greenhouse.io/reddit
Rippling,greenhouse,https://boards.greenhouse.io/rippling
Robinhood,greenhouse,https://boards.greenhouse.io/robinhoodmarkets
Samsara,greenhouse,https://boards.greenhouse.io/samsara
Scale AI,greenhouse,https://boards.greenhouse.io/scaleai
Sentry,greenhouse,https://boards.greenhouse.io/sentry
SingleStore,greenhouse,https://boards.greenhouse.io/singlestore
Starburst,greenhouse,https://boards.greenhouse.io/starburst
Stripe,greenhouse,https://boards.greenhouse.io/stripe
Temporal,greenhouse,https://boards.greenhouse.io/temporal
TikTok,greenhouse,https://boards.greenhouse.io/tiktok
Toast,greenhouse,https://boards.greenhouse.io/toastinc
Twilio,greenhouse,https://boards.greenhouse.io/twilio
Verkada,greenhouse,https://boards.greenhouse.io/verkada
Waymo,greenhouse,https://boards.greenhouse.io/waymo
Weights & Biases,greenhouse,https://boards.greenhouse.io/wandb
dbt Labs,greenhouse,https://boards.greenhouse.io/dbtlabsinc
Airtable,lever,https://jobs.lever.co/airtable
Anduril,lever,https://jobs.lever.co/anduril
Benchling,lever,https://jobs.lever.co/benchling
Hudson River Trading,lever,https://jobs.lever.co/hudsonrivertrading
Lacework,lever,https://jobs.lever.co/lacework
Loop Returns,lever,https://jobs.lever.co/loopreturns
Palantir,lever,https://jobs.lever.co/palantir
Relativity Space,lever,https://jobs.lever.co/relativity
Retool,lever,https://jobs.lever.co/retool
Ripple,lever,https://jobs.lever.co/ripple
Snyk,lever,https://jobs.lever.co/snyk
Vercel,lever,https://jobs.lever.co/vercel
Woven by Toyota,lever,https://jobs.lever.co/woven-by-toyota
Wyetech,lever,https://jobs.lever.co/wyetechllc
Zoox,lever,https://jobs.lever.co/zoox
Adobe,workday,https://adobe.wd5.myworkdayjobs.com/en-US/external_experienced
Amazon,workday,https://amazon.wd5.myworkdayjobs.com/en-US/External
Apple,workday,https://apple.wd5.myworkdayjobs.com/en-US/corporate_careers
Booz Allen Hamilton,workday,https://bah.wd1.myworkdayjobs.com/en-US/BAH_Jobs
Broadcom,workday,https://broadcom.wd1.myworkdayjobs.com/en-US/External_Career
Comcast,workday,https://comcast.wd5.myworkdayjobs.com/en-US/Comcast_Careers
CrowdStrike,workday,https://crowdstrike.wd5.myworkdayjobs.com/en-US/crowdstrikecareers
Flir,workday,https://flir.wd1.myworkdayjobs.com/en-US/flircareers
General Motors,workday,https://generalmotors.wd5.myworkdayjobs.com/en-US/Careers_GM
Goldman Sachs,workday,https://goldmansachs.wd5.myworkdayjobs.com/en-US/GS_External_Career_Site
IBM,workday,https://ibm.wd12.myworkdayjobs.com/en-US/External
Intuit,workday,https://intuit.wd5.myworkdayjobs.com/en-US/Intuit_Careers
JPMorgan Chase,workday,https://jpmc.wd5.myworkdayjobs.com/en-US/External
KLA,workday,https://kla.wd1.myworkdayjobs.com/en-US/Search
Microsoft,workday,https://microsoft.wd5.myworkdayjobs.com/en-US/MSFTInternal
Morgan Stanley,workday,https://ms.wd5.myworkdayjobs.com/en-US/External
Motorola Solutions,workday,https://motorolasolutions.wd5.myworkdayjobs.com/en-US/Careers
Netflix,workday,https://netflix.wd5.myworkdayjobs.com/en-US/Netflix_External_Site
Nvidia,workday,https://nvidia.wd5.myworkdayjobs.com/en-US/NVIDIAExternalCareerSite
Oracle,workday,https://oracle.wd5.myworkdayjobs.com/en-US/OracleCareers
Palo Alto Networks,workday,https://paloaltonetworks.wd5.myworkdayjobs.com/en-US/External
Qualcomm,workday,https://qualcomm.wd5.myworkdayjobs.com/en-US/External
Salesforce,workday,https://salesforce.wd12.myworkdayjobs.com/en-US/External_Career_Site
ServiceNow,workday,https://servicenow.wd5.myworkdayjobs.com/en-US/External
Splunk,workday,https://splunk.wd5.myworkdayjobs.com/en-US/External_Splunk
Verily,workday,https://verily.wd1.myworkdayjobs.com/en-US/Verily_Careers
Warner Bros,workday,https://warnerbros.wd5.myworkdayjobs.com/en-US/global
Workday,workday,https://workday.wd5.myworkdayjobs.com/en-US/Workday
